epoch_loss,val_loss
1.3102819561958312,0.5988818407058716
0.874991500377655,0.5982513427734375
1.098376727104187,0.598137617111206
0.7317598998546601,0.597822904586792
0.9936106979846955,0.5977630615234375
